Model,Train R²,Test R²,Test RMSE,Test MAE,CV R² Mean,CV R² Std
Random Forest,0.7732392380575444,-0.09126103556586185,14334.709200639294,12214.537209143116,-0.14041084923105002,0.053611904741298254
Gradient Boosting,0.9999941164481267,-0.14641774080876147,14692.510571722869,11882.948475813639,-0.3258706377880378,0.11878587008223161
Ridge Regression,0.035314824766594755,-0.09175740488627171,14337.968961916182,12250.614924193982,-0.12017950541006632,0.04369236834680451
